date,merchant,amount,category
2026-08-01,Campus apartment,-1100.00,Rent
2026-08-01,Campus research payroll,1600.00,Income
2026-08-02,MTA monthly pass,-77.00,Transportation
2026-08-03,Local dining,-25.60,Restaurants
2026-08-04,Spotify,-11.99,Subscriptions
2026-08-05,Trader Joe's,-83.00,Groceries
2026-08-07,Local dining,-26.40,Restaurants
2026-08-08,Netflix,-17.99,Subscriptions
2026-08-09,Weekend cinema,-36.00,Entertainment
2026-08-11,Local dining,-27.20,Restaurants
2026-08-12,Cloud storage,-13.99,Subscriptions
2026-08-12,Giant Food,-72.00,Groceries
2026-08-15,Campus research payroll,1600.00,Income
2026-08-15,Savings transfer,-300.00,Savings
2026-08-16,Local dining,-28.20,Restaurants
2026-08-17,Campus supplies,-97.00,Shopping
2026-08-20,Trader Joe's,-90.00,Groceries
2026-08-20,Local dining,-29.00,Restaurants
2026-08-22,Museum and dinner,-60.00,Entertainment
2026-08-24,Local dining,-29.80,Restaurants
2026-08-27,Giant Food,-65.00,Groceries
2026-08-28,Sportsbook deposit,-30.00,Gambling
2026-08-29,Local dining,-30.80,Restaurants
2026-09-01,Campus research payroll,1600.00,Income
2026-09-01,Campus apartment,-1100.00,Rent
2026-09-02,MTA monthly pass,-77.00,Transportation
2026-09-03,Trader Joe's,-78.00,Groceries
2026-09-03,Local coffee,-18.50,Restaurants
2026-09-04,Spotify,-11.99,Subscriptions
2026-09-05,Campus bookstore,-65.00,Shopping
2026-09-06,Movie night,-34.00,Entertainment
2026-09-07,Sweetgreen,-24.50,Restaurants
2026-09-08,Netflix,-17.99,Subscriptions
2026-09-10,Giant Food,-92.00,Groceries
2026-09-11,Noodle house,-42.00,Restaurants
2026-09-12,Cloud storage,-13.99,Subscriptions
2026-09-13,Concert tickets,-78.00,Entertainment
2026-09-15,Campus research payroll,1600.00,Income
2026-09-15,Savings transfer,-300.00,Savings
2026-09-16,Takeout night,-58.00,Restaurants
2026-09-17,Trader Joe's,-61.00,Groceries
2026-09-18,Lyft,-18.00,Transportation
2026-09-19,Everyday clothing,-100.00,Shopping
2026-09-20,Weekend outing,-28.00,Entertainment
2026-09-21,Sportsbook deposit,-25.00,Gambling
2026-09-22,Campus café,-45.00,Restaurants
2026-09-23,Sportsbook deposit,-20.00,Gambling
2026-09-24,Giant Food,-49.00,Groceries
2026-09-25,Sportsbook deposit,-40.00,Gambling
